datetime,demand_mw,solar_mw,wind_mw,renewable,net_load,renewable_ratio,demand_6h_trend,net_load_3h_trend,ews_score,ews_alert,blackout_risk_index
2021-02-10 00:00:00,49132.881813431246,0.0,8165.453978535955,8165.453978535955,40967.427834895294,0.1661912283008769,0.0,0.0,0.0,0,0.02625875551858655
2021-02-10 01:00:00,53644.6849818981,0.0,8489.552870174844,8489.552870174844,45155.13211172326,0.15825524696509197,0.0,0.0,0.27,0,0.13992501446105984
2021-02-10 02:00:00,52108.372345593874,405.59759317914467,8650.235070449973,9055.832663629119,43052.53968196476,0.1737884385174977,0.0,0.0,0.0,0,0.08285464851047199
2021-02-10 03:00:00,54428.40436876396,40.716269327111355,7580.657438634715,7621.373707961826,46807.030660802135,0.14002566851538412,0.0,5839.602825906841,0.42,0,0.1847622607932008
2021-02-10 04:00:00,56542.24706177739,61.23841304022455,8947.320822560927,9008.559235601151,47533.68782617623,0.15932439377159005,0.0,2378.555714452974,0.42,0,0.20448581242478345
2021-02-10 05:00:00,60397.222809237,0.0,9309.457841388394,9309.457841388394,51087.764967848605,0.15413718393628903,0.0,8035.225285883847,0.67,1,0.3009536205558907
2021-02-10 06:00:00,55125.84694001744,79.43845747763667,7861.432474392456,7940.870931870093,47184.97600814735,0.14404986721583746,5992.965126586198,377.94534734521585,0.42,0,0.1950207773639995
2021-02-10 07:00:00,58583.901349599095,180.64270766442218,7531.6650781830795,7712.307785847502,50871.593563751594,0.1316455136680698,4939.216367700996,3337.905737575362,0.5700000000000001,1,0.2950861110161147
2021-02-10 08:00:00,60645.14128445583,847.3196858616907,6500.456280076175,7347.775965937866,53297.365318517965,0.12116017557735001,8536.768938861955,2209.6003506693596,0.67,1,0.36092848721691617
2021-02-10 09:00:00,64197.96895491537,795.2357381071904,6645.164177918943,7440.399916026134,56757.56903888924,0.1158977462550465,9769.564586151413,9572.59303074189,0.8999999999999999,1,0.4548483024841365
2021-02-10 10:00:00,69575.78968957461,1223.2553962275776,4971.010963936522,6194.2663601641,63381.52332941051,0.08902904857854976,13033.542627797222,12509.929765658919,0.9999999999999999,1,0.6346413475125711
2021-02-10 11:00:00,73073.0,1458.6933035019097,5831.468951702146,7290.162255204055,65782.83774479595,0.09976547090175654,12675.777190763001,12485.472426277986,0.9999999999999999,1,0.6998198816444614
2021-02-10 12:00:00,72014.90513790377,1536.1464494632369,4458.667090641618,5994.813540104855,66020.09159779892,0.08324406633078506,16889.058197886327,9262.52255890968,0.9999999999999999,1,0.7062596290831136
2021-02-10 13:00:00,73073.0,1201.4896781010086,4413.942300079471,5615.43197818048,67457.56802181952,0.07684687884965007,14489.098650400905,4076.0446924090065,0.8999999999999999,1,0.7452768463065298
2021-02-10 14:00:00,71888.98941630013,1309.4938193571822,3862.5538759272886,5172.047695284471,66716.94172101565,0.07194492143064901,11243.848131844301,934.1039762197033,0.8999999999999999,1,0.7251741324275677
2021-02-10 15:00:00,68599.71720961541,1177.46642137143,3554.202731865317,4731.669153236748,63868.04805637866,0.06897505333409049,4401.74825470004,-2152.0435414202584,0.7,1,0.6478470186731351
2021-02-10 16:00:00,67913.04719752986,1263.8320506917773,3975.1173828185615,5238.949433510339,62674.09776401952,0.07714201688333153,-1662.742492044752,-4783.4702578,0.7,1,0.6154397964519583
2021-02-10 17:00:00,64333.07096827276,599.8626455661537,4392.785329272138,4992.647974838292,59340.42299343447,0.07760624356484588,-8739.929031727239,-7376.518727581184,0.7,1,0.5249543383932213
2021-02-10 18:00:00,61142.85244922143,891.948363547904,3677.3388263505226,4569.287189898427,56573.565259323004,0.07473133828182416,-10872.052688682343,-7294.482797055658,0.7,1,0.44985391418162435
2021-02-10 19:00:00,54506.47818097283,0.0,4179.915987452241,4179.915987452241,50326.562193520585,0.0766865907860356,-18566.52181902717,-12347.535570498934,0.7,1,0.28029240239555875
2021-02-10 20:00:00,57182.17320763126,0.0,5116.789616371229,5116.789616371229,52065.38359126003,0.08948225171141916,-14706.816208668868,-7275.039402174436,0.7,1,0.3274889831913438
2021-02-10 21:00:00,65114.12250800276,70.90884395497511,4634.627676927534,4705.536520882509,60408.58598712025,0.07226598992106792,-3485.594701612652,3835.020727797244,0.7,1,0.5539473339361211
2021-02-10 22:00:00,63188.61946471667,0.0,5321.10935898546,5321.10935898546,57867.51010573121,0.0842099321691411,-4724.427732813187,7540.947912210628,0.7999999999999999,1,0.4849752742984186
2021-02-10 23:00:00,55782.34552088715,254.89336140696028,6070.848847763746,6325.742209170706,49456.60331171645,0.11340043431486928,-8550.725447385608,-2608.7802795435855,0.7,1,0.25667923274658927
2021-02-11 00:00:00,60538.72255636174,315.8425877404476,5441.352849860707,5757.1954376011545,54781.52711876058,0.09509938754061399,-604.129892859688,-5627.058868359665,0.7,1,0.40121287893778723
2021-02-11 01:00:00,62583.27066587797,190.14483715576648,5975.578304113332,6165.723141269098,56417.547524608875,0.0985203086330675,8076.7924849051415,-1449.9625811223377,0.7999999999999999,1,0.44561914709652656
2021-02-11 02:00:00,63832.90698248127,0.0,5824.613781991372,5824.613781991372,58008.2932004899,0.09124782275057469,6650.733774850007,8551.68988877345,0.8999999999999999,1,0.48879652972758286
2021-02-11 03:00:00,60263.766010003455,0.0,5672.329666051309,5672.329666051309,54591.43634395215,0.09412504464307347,-4850.3564979993025,-190.09077480843553,0.7,1,0.39605327219298686
2021-02-11 04:00:00,66062.08384180283,0.0,5982.230951005508,5982.230951005508,60079.85289079732,0.09055468134082786,2873.4643770861585,3662.305366188448,0.7,1,0.5450245784644987
2021-02-11 05:00:00,61746.35148483999,0.0,5731.992453264197,5731.992453264197,56014.35903157579,0.09283127367730416,5964.005963952834,-1993.9341689141074,0.7,1,0.43467545942848573
2021-02-11 06:00:00,58446.50278256811,0.0,4906.479207248117,4906.479207248117,53540.023575319996,0.08394820859515127,-2092.2197737936294,-1051.4127686321517,0.7,1,0.36751492561582844
2021-02-11 07:00:00,70814.611365151,394.4269898737479,5069.433281454546,5463.8602713282935,65350.7510938227,0.07715724433131814,8231.340699273023,5270.898203025376,0.7999999999999999,1,0.688091815403759
2021-02-11 08:00:00,73073.0,285.0994560917289,4700.02690800542,4985.126364097149,68087.87363590286,0.06822118106683932,9240.093017518731,12073.514604327065,0.8999999999999999,1,0.7623851415459345
2021-02-11 09:00:00,73073.0,661.1964800373707,4573.178974879642,5234.375454917013,67838.62454508299,0.07163214121381375,12809.233989996545,14298.600969762992,0.9999999999999999,1,0.7556198090808239
2021-02-11 10:00:00,73073.0,805.4235063313189,3065.1051993512906,3870.5287056826096,69202.4712943174,0.05296797320053384,7010.916158197171,3851.7202004946957,0.7999999999999999,1,0.7926385065600435
2021-02-11 11:00:00,73073.0,832.8628606952411,3302.6184198064743,4135.481280501715,68937.51871949829,0.05659383466535814,11326.648515160014,849.6450835954311,0.8999999999999999,1,0.7854469366720963
2021-02-11 12:00:00,73073.0,1302.7905,3401.4250151688484,4704.2155151688485,68368.78448483115,0.06437693149547505,14626.49721743189,530.1599397481623,0.8999999999999999,1,0.7700098645882741
2021-02-11 13:00:00,73073.0,920.7284120471338,2592.061325444026,3512.78973749116,69560.21026250884,0.04807233502786474,2258.388634849005,357.7389681914501,0.7,1,0.8023485642680971
2021-02-11 14:00:00,73073.0,880.1425420867229,2596.966357282441,3477.1088993691637,69595.89110063083,0.047584044713767926,0.0,658.3723811325472,0.7,1,0.8033170441599797
2021-02-11 15:00:00,72404.41047180793,836.9528507594481,2406.9790466892905,3243.9318974487387,69160.4785743592,0.04480295987924419,-668.5895281920675,791.6940895280422,0.7,1,0.7914987041611781
2021-02-11 16:00:00,69066.5919158668,536.3951829009239,2313.2569176630204,2849.6521005639443,66216.93981530285,0.041259486265591866,-4006.4080841332034,-3343.2704472059995,0.7,1,0.7116026521296487
2021-02-11 17:00:00,72467.7625518926,602.9256756202973,2069.354932208109,2672.280607828406,69795.4819440642,0.03687543969520024,-605.237448107393,199.59084343336872,0.7,1,0.808734509910314
2021-02-11 18:00:00,66070.7655947865,129.65336355212767,2882.9141678680185,3012.567531420146,63058.198063366355,0.045596074213764846,-7002.234405213501,-6102.280510992838,0.7,1,0.6258653760056582
2021-02-11 19:00:00,59124.07949229508,164.36909550768254,3247.2702082225237,3411.6393037302064,55712.44018856488,0.057703043041453246,-13948.92050770492,-10504.499626737968,0.7,1,0.4264805194039038
2021-02-11 20:00:00,57171.6534696918,0.0,2894.461961204441,2894.461961204441,54277.19150848736,0.05062757127951305,-15901.346530308198,-15518.29043557684,0.7,1,0.3875237695160855
2021-02-11 21:00:00,72809.36727988957,0.0,2365.3907544162403,2365.3907544162403,70443.97652547334,0.032487451035295246,404.9568080816389,7385.77846210698,0.7999999999999999,1,0.826336505691419
2021-02-11 22:00:00,69148.73970464208,73.12475933674983,3927.3774211869672,4000.502180523717,65148.23752411836,0.05785358052238161,82.14778877528443,9435.797335553485,0.7999999999999999,1,0.6825950185117841
2021-02-11 23:00:00,64477.71753089907,0.0,4056.8462524553047,4056.8462524553047,60420.87127844377,0.06291857726680816,-7990.045020993537,6143.679769956405,0.7999999999999999,1,0.5542807918434737
2021-02-12 00:00:00,63629.04419115583,0.0,3833.3049146479107,3833.3049146479107,59795.73927650792,0.060244577981272335,-2441.7214036306686,-10648.237248965415,0.7,1,0.5373129232195006
2021-02-12 01:00:00,66592.60616178901,0.0,3979.9229883563808,3979.9229883563808,62612.683173432626,0.059765238481386686,7468.526669493927,-2535.5543506857357,0.7999999999999999,1,0.6137728289931712
2021-02-12 02:00:00,60026.52438938518,0.0,3948.432312732197,3948.432312732197,56078.09207665298,0.0657781264682121,2854.870919693378,-4342.779201790785,0.7,1,0.4364053563662952
2021-02-12 03:00:00,64058.052055740176,6.937847992682532,3824.9443221597803,3831.882170152463,60226.16988558771,0.059818899376118194,-8751.315224149395,430.4306090797909,0.7,1,0.5489960397516664
2021-02-12 04:00:00,68858.36569439335,19.555042375453663,3334.3320643230336,3353.887106698487,65504.47858769486,0.04870703904858391,-290.37401024873543,2891.795414262233,0.7,1,0.6922644188088605
2021-02-12 05:00:00,68523.80986578147,68.26799595443174,3715.4368251432893,3783.704821097721,64740.10504468375,0.055217373764081645,4046.0923348824,8662.012968030765,0.7999999999999999,1,0.6715171369271302
2021-02-12 06:00:00,67415.15525448415,24.455998107653528,3471.3013051780335,3495.757303285687,63919.397951198465,0.0518541756685069,3786.1110633283242,3693.228065610754,0.7,1,0.6492408015325298
2021-02-12 07:00:00,69708.18744752933,258.3830961923955,3022.5999879155893,3280.9830841079847,66427.20436342135,0.047067399171404976,3115.5812857403216,922.7257757264888,0.7,1,0.7173098327214364
2021-02-12 08:00:00,73073.0,380.8291232564333,2236.7431236650696,2617.572246921503,70455.4277530785,0.035821332734683166,13046.47561061482,5715.322708394757,0.8999999999999999,1,0.8266473247264164
2021-02-12 09:00:00,73073.0,330.3471866716504,2401.9935918439037,2732.340778515554,70340.65922148444,0.03739193379929049,9014.947944259824,6421.261270285977,0.8999999999999999,1,0.8235321788688634
2021-02-12 10:00:00,73073.0,354.78619015371265,2193.7423225738908,2548.5285127276034,70524.4714872724,0.03487647301640282,4214.634305606654,4097.267123851052,0.7,1,0.8285213689402507
2021-02-12 11:00:00,73073.0,377.5215737556978,1886.8129821375844,2264.3345558932824,70808.66544410672,0.030987294293285925,4549.19013421853,353.23769102821825,0.7,1,0.8362352049114682
2021-02-12 12:00:00,73073.0,487.8276498738384,1981.156464390362,2468.9841142642003,70604.0158857358,0.03378791228311689,5657.844745515846,263.3566642513615,0.7,1,0.8306804311842575
2021-02-12 13:00:00,73073.0,380.57852925593613,1714.4426565594106,2095.0211858153466,70977.97881418465,0.028670250103531355,3364.81255247067,453.5073269122513,0.7,1,0.8408308535278691
2021-02-12 14:00:00,73073.0,492.84033569759504,1582.3024943243252,2075.1428300219204,70997.85716997807,0.028398215893995327,0.0,189.19172587135108,0.7,1,0.8413704088994048
2021-02-12 15:00:00,73073.0,332.63137655641265,1797.7139964222965,2130.3453729787093,70942.65462702129,0.029153659668806665,0.0,338.63874128548196,0.7,1,0.8398720541620063
2021-02-12 16:00:00,73073.0,508.7140009264089,1454.94874234763,1963.662743274039,71109.33725672596,0.026872617016874073,0.0,131.3584425413137,0.7,1,0.8443962969682762
2021-02-12 17:00:00,73073.0,351.7158989113121,1762.4933964764073,2114.2092953877195,70958.79070461229,0.028932838331363425,0.0,-39.066465365787735,0.7,1,0.8403100334109048
2021-02-12 18:00:00,72078.26620467383,175.77804360719247,1733.6103766967246,1909.3884203039172,70168.8777843699,0.026490487644111858,-994.733795326174,-773.7768426513794,0.7,1,0.8188695398614688
2021-02-12 19:00:00,69973.87389118293,0.0,1481.5515355386435,1481.5515355386435,68492.32235564428,0.021172924309473262,-3099.1261088170722,-2617.014901081682,0.7,1,0.7733630353674877
2021-02-12 20:00:00,64042.145802848536,23.069670184737223,1648.8693602910048,1671.9390304757421,62370.206772372796,0.026106855251583027,-9030.854197151464,-8588.58393223949,0.7,1,0.6071913266786901
2021-02-12 21:00:00,73073.0,0.0,1887.250550375215,1887.250550375215,71185.74944962478,0.025826920345068834,0.0,1016.8716652548756,0.7,1,0.8464703422041012
2021-02-12 22:00:00,69647.30998000305,53.32979926639506,1973.7374328841338,2027.0672321505288,67620.24274785252,0.029104745506072453,-3425.690019996953,-872.0796077917621,0.7,1,0.749692303155997
2021-02-12 23:00:00,72903.45160869644,0.0,2200.3399122898263,2200.3399122898263,70703.11169640662,0.03018156018318554,-169.54839130355685,8332.90492403382,0.7999999999999999,1,0.833370174616751
2021-02-13 00:00:00,72152.16086916895,38.61423353214656,2302.7794858980214,2341.393719430168,69810.76714973878,0.03245077751275859,73.8946644951211,-1374.9822998860036,0.7,1,0.8091493940643383
2021-02-13 01:00:00,70228.8933009783,0.0,2420.976338553231,2420.976338553231,67807.91696242508,0.03447265398555706,255.01940979537903,187.6742145725584,0.7,1,0.7547863175515378
2021-02-13 02:00:00,73073.0,66.74722546269473,2128.2797328097886,2195.026958272483,70877.97304172751,0.03003882361847034,9030.854197151464,174.86134532089636,0.7999999999999999,1,0.8381164111326039
2021-02-13 03:00:00,73073.0,0.0,2165.9317015129263,2165.9317015129263,70907.06829848708,0.029640656624374616,0.0,1096.3011487483018,0.7,1,0.8389061395303635
2021-02-13 04:00:00,73073.0,0.0,1960.2024566150292,1960.2024566150292,71112.79754338496,0.026825263183597625,3425.690019996953,3304.8805809598853,0.7,1,0.8444902190347346
2021-02-13 05:00:00,71552.88308329217,0.0,1788.5407484799055,1788.5407484799055,69764.34233481226,0.02499606824225278,-1350.5685254042764,-1113.6307069152535,0.7,1,0.8078892919449042
2021-02-13 06:00:00,73073.0,13.905326491359615,1890.6080955900711,1904.5134220814307,71168.48657791856,0.026063161798221376,920.8391308310529,261.4182794314838,0.7,1,0.8460017785435038
2021-02-13 07:00:00,73073.0,125.53794752012104,2016.3622352280572,2141.9001827481784,70931.09981725182,0.02931178660720346,2844.106699021693,-181.69772613314854,0.7,1,0.8395584236111207
2021-02-13 08:00:00,73073.0,99.18776854552183,1481.3932126808108,1580.5809812263326,71492.41901877367,0.021630164099275144,0.0,1728.076683961408,0.7,1,0.8547942305095709
2021-02-13 09:00:00,73073.0,175.76944858952174,1633.7782000016755,1809.5476485911972,71263.4523514088,0.02476356039291116,0.0,94.96577349024301,0.7,1,0.8485794209668105
2021-02-13 10:00:00,73073.0,287.2477216059561,1188.2572348202677,1475.5049564262238,71597.49504357377,0.020192204458914013,0.0,666.3952263219544,0.7,1,0.8576462940398595
2021-02-13 11:00:00,73073.0,244.77383557414421,1065.3242166659197,1310.098052240064,71762.90194775994,0.017928620040782012,1520.1169167078333,270.48292898626823,0.7,1,0.8621359100106268
2021-02-13 12:00:00,73073.0,330.91105344150054,914.9511919840284,1245.862245425529,71827.13775457448,0.0170495565451744,0.0,563.6854031656694,0.7,1,0.86387945333845
2021-02-13 13:00:00,73073.0,303.6051046145138,798.0979567854874,1101.7030614000012,71971.2969386,0.015076746012891233,0.0,373.801895026234,0.7,1,0.8677923454762857
2021-02-13 14:00:00,73073.0,235.44335143049716,1081.699378294197,1317.1427297246942,71755.8572702753,0.018025026066053045,0.0,-7.044677484635031,0.7,1,0.8619446973360438
2021-02-13 15:00:00,73073.0,217.86782986919079,947.13024178728,1164.9980716564708,71908.00192834352,0.01594293475916509,0.0,80.86417376904865,0.7,1,0.8660743380550385
2021-02-13 16:00:00,73073.0,206.91398206051832,830.0613331964546,1036.9753152569729,72036.02468474302,0.014190950354535504,0.0,64.72774614302034,0.7,1,0.8695492414430249
2021-02-13 17:00:00,73073.0,141.08323441817063,769.8834971656088,910.9667315837794,72162.03326841623,0.012466529793272198,0.0,406.1759981409268,0.7,1,0.8729694744284404
2021-02-13 18:00:00,73073.0,84.17813776925075,603.2870758034964,687.4652135727471,72385.53478642725,0.009407923769008349,0.0,477.5328580837231,0.7,1,0.8790359442030253
2021-02-13 19:00:00,69180.83946501119,9.634334127897375,777.7664602778907,787.400794405788,68393.4386706054,0.011381775654862107,-3892.1605349888123,-3642.586014137618,0.7,1,0.7706790496307182
2021-02-13 20:00:00,67952.88247649895,4.078200612813163,1075.8921839367556,1079.9703845495687,66872.91209194939,0.01589292970644872,-5120.117523501045,-5289.121176466841,0.7,1,0.7294076139243405
2021-02-13 21:00:00,73073.0,0.0,1107.0422224659317,1107.0422224659317,71965.95777753407,0.015149812139448656,0.0,-419.57700889317493,0.7,1,0.8676474253902104
2021-02-13 22:00:00,73073.0,0.0,1192.5331552041175,1192.5331552041175,71880.46684479588,0.01631975086836612,0.0,3487.0281741904764,0.7,1,0.8653269572158881
2021-02-13 23:00:00,71530.91346556341,0.0,1304.370310095793,1304.370310095793,70226.54315546762,0.01823505736053191,-1542.0865344365884,3353.631063518231,0.7,1,0.8204347427912638
2021-02-14 00:00:00,72057.91007837163,0.0,1311.8123480688091,1311.8123480688091,70746.09773030282,0.018204973564207673,-1015.0899216283724,-1219.8600472312537,0.7,1,0.8345369383939336
2021-02-14 01:00:00,73073.0,0.0,1400.904538539671,1400.904538539671,71672.09546146033,0.019171301828851572,3892.1605349888123,-208.37138333555777,0.7,1,0.8596711625253517
2021-02-14 02:00:00,73073.0,0.0,1417.4225915319662,1417.4225915319662,71655.57740846803,0.01939735047872629,5120.117523501045,1429.0342530004127,0.7,1,0.8592228153727036
2021-02-14 03:00:00,73073.0,31.511833209573133,1514.2393590802394,1545.7511922898125,71527.24880771019,0.021153520346637096,0.0,781.1510774073686,0.7,1,0.8557396104949908
2021-02-14 04:00:00,73073.0,16.617229278971827,1204.1834861736077,1220.8007154525794,71852.19928454742,0.01670659088107207,0.0,180.10382308709086,0.7,1,0.864559694866287
2021-02-14 05:00:00,73073.0,0.0,1559.1725105968167,1559.1725105968167,71513.82748940318,0.021337190352070077,1542.0865344365884,-141.7499190648523,0.7,1,0.8553753175695148
2021-02-14 06:00:00,73073.0,27.7292155451599,1358.3593141378265,1386.0885296829863,71686.91147031702,0.0189685455596867,1015.0899216283724,159.66266260683187,0.7,1,0.8600733113371761
2021-02-14 07:00:00,73073.0,27.66786393550332,1229.257182115037,1256.9250460505405,71816.07495394946,0.017200950365395432,0.0,-36.12433059795876,0.7,1,0.8635791773214853
2021-02-14 08:00:00,73073.0,59.01613606379619,1024.2768658682317,1083.293001932028,71989.70699806797,0.014824805358094342,0.0,475.87950866478786,0.7,1,0.8682920470904162
2021-02-14 09:00:00,73073.0,132.66878953011332,783.654895644761,916.3236851748743,72156.67631482512,0.01253983940956132,0.0,469.7648445080995,0.7,1,0.872824071402396
2021-02-14 10:00:00,73073.0,151.83189954529996,1041.7620888444958,1193.5939883897959,71879.4060116102,0.016334268312369764,0.0,63.33105766074732,0.7,1,0.8652981631722769
2021-02-14 11:00:00,73073.0,166.01287947356633,1168.8272230315115,1334.8401025050778,71738.15989749492,0.01826721364259135,0.0,-251.54710057305056,0.7,1,0.861464340074862
2021-02-14 12:00:00,73073.0,151.94399999999996,612.3735990527134,764.3175990527134,72308.68240094729,0.010459644452160351,0.0,152.00608612217184,0.7,1,0.876949950882855
2021-02-14 13:00:00,73073.0,203.8899008003833,839.8240278905313,1043.7139286909146,72029.28607130909,0.014283167910047686,0.0,149.88005969888764,0.7,1,0.8693663362212468
2021-02-14 14:00:00,73073.0,137.43428930056103,810.8458163093378,948.2801056098988,72124.7198943901,0.012977161271740572,0.0,386.5599968951865,0.7,1,0.8719566828477313
2021-02-14 15:00:00,73073.0,182.8076313746232,829.0939830523627,1011.9016144269858,72061.09838557302,0.013847818132921678,0.0,-247.58401537427562,0.7,1,0.8702298133226961
2021-02-14 16:00:00,73073.0,124.26677852809766,634.1375288698769,758.4043073979745,72314.59569260203,0.010378721379962154,0.0,285.30962129293766,0.7,1,0.8771104545134837
2021-02-14 17:00:00,73073.0,80.52704923999812,978.4746249352547,1059.001674175253,72013.99832582475,0.01449237986910696,0.0,-110.72156856535003,0.7,1,0.8689513831295289
2021-02-14 18:00:00,73073.0,100.85570038796808,1082.22751831302,1183.083218700988,71889.916781299,0.016190429005254855,0.0,-171.18160427401017,0.7,1,0.8655834554924016
2021-02-14 19:00:00,69868.96339676797,14.558265330819616,1068.0629282314392,1082.621193562259,68786.34220320571,0.015495022982011771,-3204.0366032320308,-3528.2534893963166,0.7,1,0.7813435740870122
2021-02-14 20:00:00,68133.27979847514,0.0,1077.128015968507,1077.128015968507,67056.15178250663,0.01580913202996304,-4939.720201524862,-4957.846543318126,0.7,1,0.7343812626680369
2021-02-14 21:00:00,73073.0,0.0,1387.9729858929902,1387.9729858929902,71685.027014107,0.01899433423963694,0.0,-204.88976719199854,0.7,1,0.8600221618114758
2021-02-14 22:00:00,73073.0,6.2241235367532,1140.4143741424925,1146.6384976792458,71926.36150232075,0.015691684995542073,0.0,3140.0192991150398,0.7,1,0.8665726693487061
2021-02-14 23:00:00,72749.81664802034,6.177871357949672,1196.8454363048331,1203.0233076627828,71546.79334035756,0.01653644453130755,-323.1833519796637,4490.641557850933,0.7,1,0.8562701049525623
2021-02-15 00:00:00,72724.75186083565,97.81790914014127,1227.3944476988263,1325.2123568389675,71399.53950399668,0.01822230152637526,-348.2481391643523,-285.48751011032437,0.7,1,0.8522732151084813
2021-02-15 01:00:00,73073.0,0.0,1560.9496050157506,1560.9496050157506,71512.05039498425,0.021361509791793833,3204.0366032320308,-414.31110733649984,0.7,1,0.8553270821495725
2021-02-15 02:00:00,73073.0,0.0,1530.3385467607839,1530.3385467607839,71542.66145323921,0.020942599137311783,4939.720201524862,-4.13188711834664,0.7,1,0.8561579537307786
2021-02-15 03:00:00,68569.01579949101,21.957740432355095,1589.8039371554419,1611.761677587797,66957.25412190321,0.02350568487523429,-4503.984200508989,-4442.285382093469,0.7,1,0.7316968975945158
2021-02-15 04:00:00,73073.0,39.44497265482664,1503.239566181791,1542.6845388366175,71530.31546116338,0.021111553362207894,0.0,18.265066179126734,0.7,1,0.8558228482315774
2021-02-15 05:00:00,72869.96537567601,0.0,1423.4319745899072,1423.4319745899072,71446.5334010861,0.01953386374278488,120.1487276556727,-96.12805215311528,0.7,1,0.8535487637437654
2021-02-15 06:00:00,73073.0,56.3043053068364,1435.1691700925496,1491.473475399386,71581.52652460062,0.02041073276585587,348.2481391643523,4624.272402697403,0.7,1,0.8572128628105881
2021-02-15 07:00:00,73073.0,17.14392499704501,1601.581759918639,1618.7256849156838,71454.27431508432,0.02215217227862116,0.0,-76.04114607906376,0.7,1,0.8537588742665743
2021-02-15 08:00:00,73073.0,187.52005972186117,1279.600540958575,1467.1206006804362,71605.87939931956,0.020077465010064403,0.0,159.3459982334607,0.7,1,0.8578738694101022
2021-02-15 09:00:00,73073.0,168.27592042789288,1408.4487224820189,1576.7246429099118,71496.27535709008,0.02157739032077391,4503.984200508989,-85.25116751053429,0.7,1,0.8548989025495879
2021-02-15 10:00:00,73073.0,166.17319756378473,1165.520763719266,1331.6939612830506,71741.30603871695,0.018224158872402262,0.0,287.0317236326373,0.7,1,0.861549735336603
2021-02-15 11:00:00,73073.0,201.05989606614682,1289.2355248106326,1490.2954208767794,71582.70457912322,0.020394611154281053,203.034624323991,-23.174820196334622,0.7,1,0.8572448385762017
2021-02-15 12:00:00,73073.0,276.037937666519,869.9632540301836,1146.0011916967026,71926.9988083033,0.015682963498100565,0.0,430.7234512132127,0.7,1,0.8665899676539466
2021-02-15 13:00:00,73073.0,243.8906686765904,1167.1432720324856,1411.033940709076,71661.96605929092,0.019309922142365526,0.0,-79.3399794260331,0.7,1,0.8593962216093249
2021-02-15 14:00:00,73073.0,329.1195085349682,710.7136583728281,1039.8331669077963,72033.1668330922,0.014230059897743303,0.0,450.4622539689735,0.7,1,0.869471671183931
2021-02-15 15:00:00,73073.0,255.66771628331782,940.6703716155287,1196.3380878988464,71876.66191210115,0.01637182116375195,0.0,-50.33689620214864,0.7,1,0.8652236804713168
2021-02-15 16:00:00,73073.0,228.4891477815366,1178.9091496457413,1407.3982974272778,71665.60170257272,0.0192601685633172,0.0,3.6356432817992754,0.7,1,0.8594949033555451
2021-02-15 17:00:00,70332.53760405879,268.6005138381308,1105.363111564185,1373.9636254023158,68958.57397865647,0.019535248865000805,-2740.462395941213,-3074.5928544357303,0.7,1,0.7860184365635327
2021-02-15 18:00:00,70142.49443629192,84.00704668215873,1305.3064138748982,1389.313460557057,68753.18097573487,0.019807015301101443,-2930.5055637080804,-3123.480936366279,0.7,1,0.7804434836270892
2021-02-15 19:00:00,68793.80479901204,10.10106925735943,1440.1946749051394,1450.295744162499,67343.50905484954,0.02108177834326336,-4279.195200987961,-4322.092647723184,0.7,1,0.7421809600602016
2021-02-15 20:00:00,66775.68429447644,0.0,1553.5598047393107,1553.5598047393107,65222.12448973712,0.02326535206869933,-6297.315705523564,-3736.4494889193447,0.7,1,0.6846005218642932
2021-02-15 21:00:00,73073.0,66.608205108603,1693.3486229404677,1759.9568280490707,71313.04317195094,0.024084912731776043,0.0,2559.8621962160687,0.7,1,0.8499254575243825
2021-02-15 22:00:00,73073.0,22.54833415126215,2119.209213082734,2141.7575472339963,70931.242452766,0.029309834648009476,0.0,3587.7333979164687,0.7,1,0.8395622951465057
2021-02-15 23:00:00,71241.81973443391,0.0,1997.5832057939,1997.5832057939,69244.23652864002,0.028039474752894207,909.2821303751261,4022.1120389028947,0.7,1,0.7937721343488005
2021-02-16 00:00:00,73073.0,0.0,2069.677920176167,2069.677920176167,71003.32207982383,0.02832342890227809,2930.5055637080804,-309.7210921271035,0.7,1,0.8415187421666469
2021-02-16 01:00:00,72260.0007371192,0.0,2407.307526716212,2407.307526716212,69852.693210403,0.03331452397120726,3466.1959381071647,-1078.5492423630058,0.7,1,0.8102873871395099
2021-02-16 02:00:00,73073.0,162.86285633541146,2667.4042921082832,2830.2671484436946,70242.7328515563,0.03873205080458849,6297.315705523564,998.4963229162822,0.7999999999999999,1,0.8208741773993852
2021-02-16 03:00:00,68296.64464204594,0.0,2697.987364556057,2697.987364556057,65598.65727748988,0.03950395189539189,-4776.35535795406,-5404.664802333951,0.7,1,0.6948206975318683
2021-02-16 04:00:00,71401.61941838001,35.36109123477733,2591.8361657204528,2627.19725695523,68774.42216142478,0.03679464525252692,-1671.3805816199892,-1078.2710489782185,0.7,1,0.7810200300958153
2021-02-16 05:00:00,72806.77178944192,0.0,2694.999513033353,2694.999513033353,70111.77227640856,0.037015780906030624,1564.9520550080051,-130.96057514773565,0.7,1,0.8173195332168038
2021-02-16 06:00:00,73073.0,0.0,2945.475292058357,2945.475292058357,70127.52470794164,0.04030866793560353,0.0,4528.867430451763,0.7,1,0.8177470992155589
2021-02-16 07:00:00,73073.0,223.0811557112448,2084.4548014825627,2307.5359571938075,70765.4640428062,0.03157850310229233,812.9992628807959,1991.0418813814176,0.7,1,0.8350625954475968
2021-02-16 08:00:00,73073.0,207.3321291685945,2417.423580969949,2624.7557101385432,70448.24428986145,0.03591963803509563,0.0,336.4720134528907,0.7,1,0.8264523450105251
2021-02-16 09:00:00,73073.0,385.33499818236817,1978.7271252653936,2364.0621234477617,70708.93787655224,0.032352060589379956,4776.35535795406,581.4131686105975,0.7,1,0.8335283137921322
2021-02-16 10:00:00,73073.0,527.182561001249,1867.6477933803158,2394.8303543815646,70678.16964561843,0.03277312214335753,1671.3805816199892,-87.29439718776848,0.7,1,0.8326931760953573
2021-02-16 11:00:00,73073.0,470.14721828107855,2126.754057316156,2596.9012755972344,70476.09872440276,0.03553845162504939,266.2282105580816,27.854434541310184,0.7,1,0.827208393948075
2021-02-16 12:00:00,73073.0,538.6880612692029,1580.5597510577954,2119.2478123269984,70953.752187673,0.029001790159525385,0.0,244.81431112076098,0.7,1,0.8401732736654101
2021-02-16 13:00:00,73073.0,622.0868181293285,1703.7375281732484,2325.824346302577,70747.17565369743,0.03182877870489205,0.0,69.006008078999,0.7,1,0.8345661963146445
2021-02-16 14:00:00,73073.0,565.5647007855192,1532.3867490122789,2097.951449797798,70975.0485502022,0.02871035060552869,0.0,498.9498257994419,0.7,1,0.8407513177912026
2021-02-16 15:00:00,73073.0,598.3501148031252,1404.3629984235924,2002.7131132267177,71070.28688677328,0.027407019189395778,0.0,116.53469910027343,0.7,1,0.8433363583552747
2021-02-16 16:00:00,73073.0,316.96446367615266,1376.4127104989548,1693.3771741751075,71379.62282582489,0.023173773817622208,0.0,632.4471721274604,0.7,1,0.851732619558104
2021-02-16 17:00:00,69121.99514988557,327.08300204932215,2304.0257430673378,2631.10874511666,66490.88640476891,0.03806471065268457,-3951.004850114434,-4484.162145433293,0.7,1,0.719038345272299
2021-02-16 18:00:00,68599.92292350618,306.7253393350176,2056.2367627922977,2362.962102127315,66236.96082137886,0.03444555039460011,-4473.077076493821,-4833.326065394416,0.7,1,0.7121460794374261
2021-02-16 19:00:00,65984.98394177407,142.4767172205324,2015.2687648051808,2157.745482025713,63827.23845974836,0.032700553264205276,-7088.016058225927,-7552.384366076527,0.7,1,0.6467393296217412
2021-02-16 20:00:00,63353.020964696,207.31251025177866,2114.298403144002,2321.6109133957807,61031.41005130022,0.03664562286129209,-9719.979035304,-5459.476353468694,0.7,1,0.5708525585352916
2021-02-16 21:00:00,70939.5960543515,0.0,2697.7697964439803,2697.7697964439803,68241.82625790751,0.03802911133546689,-2133.4039456485043,2004.8654365286493,0.7,1,0.7665638555717752
2021-02-16 22:00:00,70497.3889196166,0.0,3871.4456122071288,3871.4456122071288,66625.94330740947,0.05491615606673711,-2575.6110803834017,2798.704847661109,0.7,1,0.7227041754868285
2021-02-16 23:00:00,70114.7586393014,26.242961638510995,3612.0765194629384,3638.3194811014496,66476.43915819995,0.051890922135501207,992.76348941584,5445.029106899732,0.7,1,0.7186462057225701
2021-02-17 00:00:00,65565.36236679065,0.0,3706.99899372879,3706.99899372879,61858.36337306186,0.05653898430379778,-3034.560556715529,-6383.462884845649,0.7,1,0.5932984344116791
2021-02-17 01:00:00,65508.354031448594,111.55898077463569,4120.6864930547,4232.245473829335,61276.108557619256,0.0646061946816365,-476.6299103254787,-5349.834749790214,0.7,1,0.5774943751353798
2021-02-17 02:00:00,64661.01658439044,0.0,4240.709062968986,4240.709062968986,60420.307521421455,0.06558370540670896,1307.9956196944404,-6056.131636778497,0.7,1,0.5542654898671537
2021-02-17 03:00:00,65760.31285257588,267.5434030928194,3901.117013794692,4168.660416887511,61591.65243568837,0.0633917363841164,-5179.283201775615,-266.7109373734929,0.7,1,0.5860591375401127
2021-02-17 04:00:00,67352.77077830257,206.63820809575287,5168.921364452984,5375.5595725487365,61977.21120575383,0.07981200343253661,-3144.6181413140293,701.1026481345762,0.7,1,0.5965243041561754
2021-02-17 05:00:00,64337.30478743441,69.75112472136789,4489.4986530867045,4559.249777808072,59778.05500962634,0.07086479287361336,-5777.453851866994,-642.2525117951154,0.7,1,0.5368329216898577
2021-02-17 06:00:00,70264.94548251586,0.0,4429.914653509042,4429.914653509042,65835.03082900682,0.06304587049898651,4699.5831157252105,4243.378393318453,0.7,1,0.7012365510730423
2021-02-17 07:00:00,64039.53783982291,304.68241106650424,4244.044952051088,4548.727363117592,59490.810476705316,0.0710299842340363,-1468.8161916256868,-2486.400729048517,0.7,1,0.5290362843677157
2021-02-17 08:00:00,72526.6764647159,715.8725541800775,3585.7504547745184,4301.623008954596,68225.0534557613,0.059310907636134794,7865.65988032546,8446.99844613496,0.8999999999999999,1,0.7661085937992352
2021-02-17 09:00:00,73073.0,903.923538870073,3296.081993747773,4200.005532617846,68872.99446738216,0.05747684551910892,7312.68714742412,3037.9636383753386,0.7999999999999999,1,0.7836955641146586
2021-02-17 10:00:00,73073.0,739.3366160273335,3711.74682634928,4451.083442376614,68621.9165576234,0.06091283295302798,5720.229221697431,9131.106080918078,0.7999999999999999,1,0.7768805922783492
2021-02-17 11:00:00,73073.0,688.549035224894,2955.2937711250033,3643.8428063498973,69429.1571936501,0.04986578909241303,8735.695212565588,1204.1037378887995,0.7999999999999999,1,0.7987914095419312
2021-02-17 12:00:00,73073.0,978.7360000000001,3066.52162535608,4045.25762535608,69027.74237464392,0.055359128889686755,2808.054517484139,154.74790726175706,0.7,1,0.7878958644546206
2021-02-17 13:00:00,73073.0,738.9153416789704,3221.874584596847,3960.7899262758174,69112.21007372419,0.054203193057296366,9033.462160177092,490.29351610079175,0.7999999999999999,1,0.7901885591439421
2021-02-17 14:00:00,73073.0,1270.6256562964486,2708.847086158469,3979.472742454918,69093.52725754508,0.054458866372735726,546.3235352841002,-335.6299361050187,0.7,1,0.7896814541333664
2021-02-17 15:00:00,73073.0,1055.409517160486,3181.4248265885235,4236.834343749009,68836.16565625099,0.05798084578091784,0.0,-191.57671839292743,0.7,1,0.7826959249553839
2021-02-17 16:00:00,70493.45984077296,844.2112665517419,3713.391791310295,4557.603057862037,65935.85678291092,0.06465284961408503,-2579.5401592270355,-3176.353290813262,0.7,1,0.7039732555361536
2021-02-17 17:00:00,66993.50980550869,805.3502327604615,2393.236111171598,3198.5863439320597,63794.923461576625,0.04774471964848525,-6079.4901944913145,-5298.6037959684545,0.7,1,0.6458622082427941
2021-02-17 18:00:00,59490.162980953064,551.5323438308544,3363.183082915895,3914.7154267467495,55575.447554206316,0.06580441589982065,-13582.837019046936,-13260.718102044673,0.7,1,0.4227621478998857
2021-02-17 19:00:00,56135.85636881788,286.5644135554068,4051.4853172296794,4338.0497307850865,51797.80663803279,0.07727769756078344,-16937.143631182123,-14138.050144878136,0.7,1,0.3202261801751756
2021-02-17 20:00:00,57393.333106504026,0.0,3963.447683652088,3963.447683652088,53429.885422851934,0.06905763211725606,-15679.666893495974,-10365.038038724691,0.7,1,0.3645254614774096
2021-02-17 21:00:00,62501.874063804076,0.0,4293.266226273784,4293.266226273784,58208.60783753029,0.06869019994330201,-10571.125936195924,2633.160283323974,0.7,1,0.4942336413043935
2021-02-17 22:00:00,64704.70936465558,0.0,4916.363647061997,4916.363647061997,59788.345717593584,0.07598154284806231,-5788.750476117384,7990.539079560796,0.7999999999999999,1,0.5371122409061115
2021-02-17 23:00:00,59229.21460186193,0.0,6333.171378108343,6333.171378108343,52896.043223753586,0.10692647911473831,-7764.295203646754,-533.8421990983479,0.7,1,0.35003545893045446
2021-02-18 00:00:00,59175.99933801408,0.0,5885.874726037237,5885.874726037237,53290.12461197684,0.09946388386982777,-314.1636429389837,-4918.483225553449,0.7,1,0.3607319537536571
2021-02-18 01:00:00,55005.46524418861,358.40063796282135,7237.715843481239,7596.116481444061,47409.34876274454,0.13809748627199547,-1130.39112462927,-12378.99695484904,0.42,0,0.20111089498878046
2021-02-18 02:00:00,59498.843232255895,220.13429845847693,6922.88351174032,7143.017810198797,52355.825422057096,0.12005305350754077,2105.510125751869,-540.2178016964899,0.5700000000000001,1,0.33537240431297827
2021-02-18 03:00:00,55593.921501608136,0.0,6736.652280807835,6736.652280807835,48857.2692208003,0.12117605844036326,-6907.95256219594,-4432.855391176541,0.5700000000000001,1,0.2404115931360081
2021-02-18 04:00:00,60542.35077217698,0.0,6874.237035085551,6874.237035085551,53668.11373709143,0.1135442702077022,-4162.358592478602,6258.764974346886,0.7999999999999999,1,0.37099165857819594
2021-02-18 05:00:00,59486.63745934068,11.829681967028787,6134.767670406574,6146.597352373603,53340.04010696708,0.10332736249506157,257.4228574787485,984.2146849099809,0.7,1,0.36208680290339207
2021-02-18 06:00:00,60375.84339384737,0.0,6996.014906847346,6996.014906847346,53379.82848700002,0.11587440462256596,1199.8440558332877,4522.559266199722,0.7,1,0.363166773218572
2021-02-18 07:00:00,58216.04087425257,595.5273412593011,7030.300464541241,7625.827805800543,50590.21306845202,0.1309918656658984,3210.5756300639623,-3077.900668639406,0.5700000000000001,1,0.28744864042941204
2021-02-18 08:00:00,65410.29647445309,26.531082582788788,5601.651599758757,5628.182682341546,59782.113792111544,0.08604429249972459,5911.453242197196,6442.073685144467,0.7999999999999999,1,0.5369430886430275
2021-02-18 09:00:00,68751.82540588613,698.2248978527423,5149.827554048733,5848.052451901475,62903.77295398466,0.08506032265145935,13157.903904277999,9523.944466984642,0.9999999999999999,1,0.6216738373224409
2021-02-18 10:00:00,69136.93487728007,1363.6211562720925,4505.822139101709,5869.443295373801,63267.49158190627,0.08489591425758491,8594.584105103095,12677.27851345425,0.8999999999999999,1,0.631546200080313
2021-02-18 11:00:00,68425.81724050069,1323.5819865678216,4423.858153975843,5747.440140543665,62678.377099957026,0.08399519906854398,8939.179781160012,2896.263307845482,0.7999999999999999,1,0.6155559498559764
2021-02-18 12:00:00,73073.0,1408.4921218161426,4479.700503550702,5888.192625366844,67184.80737463315,0.08057959335687387,12697.156606152632,4281.034420648488,0.8999999999999999,1,0.7378733430257569
2021-02-18 13:00:00,73073.0,1817.4987562190233,3883.3298297811893,5700.828586000212,67372.1714139998,0.07801552674722828,14856.959125747431,4104.6798320935195,0.8999999999999999,1,0.7429589383799943
2021-02-18 14:00:00,70670.46928638325,1498.2454701589859,4374.435995491796,5872.681465650782,64797.78782073246,0.0830995113652419,5260.172811930155,2119.410720775435,0.7,1,0.6730828122770239
2021-02-18 15:00:00,62275.340614754525,1504.4692759030404,4014.398844481941,5518.868120384981,56756.47249436955,0.08862044054524895,-6476.48479113161,-10428.334880263603,0.7,1,0.45481853913288767
2021-02-18 16:00:00,61281.113405158314,945.4861911399236,4339.823071680851,5285.309262820775,55995.80414233754,0.08624695226859057,-7855.821472121759,-11376.367271662253,0.7,1,0.43417182672059035
2021-02-18 17:00:00,60240.91957183375,1199.611853206389,4046.7165896485412,5246.3284428549305,54994.59112897882,0.08708911617125951,-8184.897668666941,-9803.196691753641,0.7,1,0.4069960449294251
2021-02-18 18:00:00,59038.07509114759,508.13887550573185,5628.7453128290645,6136.884188334796,52901.1909028128,0.10394790444742981,-14034.924908852408,-3855.281591556748,0.7,1,0.350175181647776
2021-02-18 19:00:00,48080.86848265525,512.2678957005068,5584.820087060896,6097.087982761403,41983.780499893845,0.12680902353003198,-24992.13151734475,-14012.023642443695,0.12,0,0.053845470711404345
2021-02-18 20:00:00,45810.023979577614,120.65730034480639,6457.626575359706,6578.283875704513,39231.740103873104,0.14359922358122212,-24860.445306805632,-15762.851025105716,0.12,0,0.0
2021-02-18 21:00:00,54982.53436228073,144.89919159780402,4814.874964411739,4959.774156009543,50022.76020627118,0.09020635759220406,-7292.806252473798,-2878.430696541618,0.7,1,0.27204634845593206
2021-02-18 22:00:00,55747.80201468877,475.9563593428738,6941.620816212097,7417.577175554971,48330.2248391338,0.13305595749946414,-5533.311390469542,6346.444339239955,0.67,1,0.22610610277648885
2021-02-18 23:00:00,52603.275750519446,0.0,9144.575752058685,9144.575752058685,43458.69999846076,0.17384042384410603,-7637.643821314305,4226.959894587657,0.15,0,0.09387899995822065
